title,authors,image,isbn,id
"Le Livre de la joie. Le bonheur durable dans un monde en mouvement","Dalaï Lama, Desmond Tutu",http://books.google.com/books/content?id=C1nlDAAAQBAJ&printsec=frontcover&img=1&zoom=1&edge=curl&source=gbs_api,9782081393967,C1nlDAAAQBAJ
"L'Art d'Aimer",Ovide,http://books.google.com/books/content?id=cWMxzgEACAAJ&printsec=frontcover&img=1&zoom=1&source=gbs_api,9791029911620,cWMxzgEACAAJ
"Read/Write Book 2",Collectif,http://books.google.com/books/content?id=oyxLEAAAQBAJ&printsec=frontcover&img=1&zoom=1&edge=curl&source=gbs_api,9782821813250,oyxLEAAAQBAJ
"Le Livre du Hygge","Meik WIKING",http://books.google.com/books/content?id=KAFIDQAAQBAJ&printsec=frontcover&img=1&zoom=1&edge=curl&source=gbs_api,9782412022122,KAFIDQAAQBAJ
"Elon Musk","Ashlee Vance",http://books.google.com/books/content?id=DbWBCwAAQBAJ&printsec=frontcover&img=1&zoom=1&edge=curl&source=gbs_api,9782212424836,DbWBCwAAQBAJ
Compilateurs,"Alfred Aho, Ravi Sethi, Jeffrey David Ullman",images/none.png,2729609105,NhXROwAACAAJ
"Steve Jobs","Walter Isaacson",http://books.google.com/books/content?id=swsZuHxsJDwC&printsec=frontcover&img=1&zoom=1&edge=curl&source=gbs_api,9782709638821,swsZuHxsJDwC
"Les quatre accords toltèques","Don Miguel Ruiz",http://books.google.com/books/content?id=GjCHEAAAQBAJ&printsec=frontcover&img=1&zoom=1&edge=curl&source=gbs_api,9782889114351,GjCHEAAAQBAJ
"La voleuse de fruits","Peter Handke",http://books.google.com/books/content?id=ekEgEAAAQBAJ&printsec=frontcover&img=1&zoom=1&edge=curl&source=gbs_api,9782072801976,ekEgEAAAQBAJ
Sapiens,"Yuval Noah Harari",http://books.google.com/books/content?id=M89yCgAAQBAJ&printsec=frontcover&img=1&zoom=1&edge=curl&source=gbs_api,9782226332196,M89yCgAAQBAJ
