title,authors,image,isbn,id
"Les Mange-Rêve","Jean-Luc LE POGAM",http://books.google.com/books/content?id=aoZuDwAAQBAJ&printsec=frontcover&img=1&zoom=1&edge=curl&source=gbs_api,9782375541531,aoZuDwAAQBAJ
"L'odyssée du Cybérius","Denis Ravel",http://books.google.com/books/content?id=IAa5DwAAQBAJ&printsec=frontcover&img=1&zoom=1&edge=curl&source=gbs_api,9782876836846,IAa5DwAAQBAJ
"Télécommunications et science-fiction","Thomas Michaud",http://books.google.com/books/content?id=iMC9OELUNSgC&printsec=frontcover&img=1&zoom=1&edge=curl&source=gbs_api,2953257381,iMC9OELUNSgC
"La Fiction et l'Apparaître","Eric Clemens",http://books.google.com/books/content?id=-INtCQAAQBAJ&printsec=frontcover&img=1&zoom=1&edge=curl&source=gbs_api,9782226338280,-INtCQAAQBAJ
"Mythe et fiction","Danièle Auger, Charles Delattre",http://books.google.com/books/content?id=CRYXCwAAQBAJ&printsec=frontcover&img=1&zoom=1&edge=curl&source=gbs_api,9782840160441,CRYXCwAAQBAJ
"Fiction et cultures",Sflgc,http://books.google.com/books/content?id=e40NCwAAQBAJ&printsec=frontcover&img=1&zoom=1&edge=curl&source=gbs_api,9782353717767,e40NCwAAQBAJ
"La Conversion d'Hermann le Juif. Autobiographie, histoire et fiction","Jean-Claude Schmitt",http://books.google.com/books/content?id=ZzHvBAAAQBAJ&printsec=frontcover&img=1&zoom=1&edge=curl&source=gbs_api,9782021114997,ZzHvBAAAQBAJ
"La Guerre des rêves. Exercices d'ethno-fiction","Marc Augé",http://books.google.com/books/content?id=L-H5CQAAQBAJ&printsec=frontcover&img=1&zoom=1&edge=curl&source=gbs_api,9782021290639,L-H5CQAAQBAJ
"Pouvoirs de la fiction","Vincent Jouve",http://books.google.com/books/content?id=xlivDwAAQBAJ&printsec=frontcover&img=1&zoom=1&edge=curl&source=gbs_api,9782200627577,xlivDwAAQBAJ
"Au coeur de la Science-fiction","Gillian Brousse",http://books.google.com/books/content?id=N1SGEAAAQBAJ&printsec=frontcover&img=1&zoom=1&edge=curl&source=gbs_api,9782490417964,N1SGEAAAQBAJ
