GBl6MWssicEC,"Harry Potter et la Chambre des Secrets","J.K. Rowling",1781101043,3
d1Fm_U1LzY4C,"Harry Potter et l’Ordre du Phénix","J.K. Rowling",1781101078,3
FNoJCwAAQBAJ,"Harry Potter, les raisons d'un succès","Isabelle Smadja",2130637647,1
UqMNAQAAMAAJ,"Le fils du pauvre","Mouloud Feraoun",2020261995,5
HU1UDwAAQBAJ,"Homo sapienne","Niviaq Korneliussen",2924519667,1
aoZuDwAAQBAJ,"Les Mange-Rêve (T1) : L'enfer blanc- Lecture roman ado science-fiction dystopie - Dès 13 ans","Jean-Luc Le Pogam",2375541537,13
Z6ODwAAQBAJ,"Pour l'amour d'un rebelle","Nadia Matoub",2221235444,2
WWtnEAAAQBAJ,"Idir, un Kabyle du monde","Farid Alilat",2268107507,1
AVciDgAAQBAJ,"Harry Potter à l'école des sorciers de J. K. Rowling (Analyse de l'oeuvre)","lePetitLitteraire,, Youri Panneel, Lucile Lhoste",2806283450,1
ox9BiuVKM1cC,"Harry Potter et la Coupe de Feu","J.K. Rowling",178110106X,1
JeikJKI7QoEC,"Ce que le jour doit à la nuit","Yasmina Khadra",2260019234,6
ddZcDwAAQBAJ,Khalil,"Yasmina Khadra",2260024238,2
Ax5y5QvcM0kC,L'Attentat,"Yasmina Khadra",2260018009,2
Dx7q7QrKDfsC,"The Attack","Yasmina Khadra",1409044823,1
W8wnBgAAQBAJ,"The African Equation","Yasmina Khadra",1910477184,2
CRYXCwAAQBAJ,"Mythe et fiction","Danièle Auger, Charles Delattre",2840160447,1
KAFIDQAAQBAJ,"Le Livre du Hygge","Meik Wiking",2412022127,7
"ID indisponible","Titre indisponible","Auteur(s) indisponible(s)","ISBN indisponible",1
sgteDwAAQBAJ,"Du sang, des larmes et des pixels","Jason Schreier",9791035500443,19
jBcEAAAQBAJ,Gallant,"V. E. Schwab",2371023361,3
veG7xwEACAAJ,"Je T'aimerai Toujours","Robert Munsch",0228101859,2
3AuREAAAQBAJ,"Les Miserables","Victor Hugo",1846140498,1
e40NCwAAQBAJ,"Fiction et cultures",Sflgc,2353717764,1
HriGrgEACAAJ,"Les fleurs du mal","Charles Baudelaire",2070307662,2
elZSm9GK66IC,"Le petit prince","Antoine de Saint-Exupéry",0152164154,1
oyxLEAAAQBAJ,"Read/Write Book 2",Collectif,2821813252,20
gqrwgEACAAJ,"Eléctrico 28","Davide Cali, Magali Le Huche",2751106536,1
M89yCgAAQBAJ,Sapiens,"Yuval Noah Harari",2226332197,2
L-H5CQAAQBAJ,"La Guerre des rêves. Exercices d'ethno-fiction","Marc Augé",2021290638,1
dTcBEAAAQBAJ,"Le Cerveau de votre enfant","Daniel Siegel",2352044286,1
IAa5DwAAQBAJ,"L'odyssée du Cybérius","Denis Ravel",287683684X,7
CiynCgAAQBAJ,"L'appartement oublié","Michelle Gable",2848112638,7
VA6TDwAAQBAJ,"Un rien peut tout changer","James Clear",2035969212,1
GbS6EAAAQBAJ,"Journal, fiction, identité(s)","Mateusz Chmurski",9791096982257,2
N1SGEAAAQBAJ,"Au coeur de la Science-fiction","Gillian Brousse",2490417967,1
cWMxzgEACAAJ,"L'Art d'Aimer",Ovide,9791029911620,2
Z7GCCwAAQBAJ,"Magnus Chase et les dieux d'Asgard - tome 1","Rick Riordan",2226389350,4
Vg4oDwAAQBAJ,"L'art subtil de s'en foutre","Mark Manson",2212158408,1
GjCHEAAAQBAJ,"Les quatre accords toltèques","Don Miguel Ruiz",288911435X,2
BBwDywAACAAJ,"Land and Blood","Mouloud Feraoun",0813932203,3
vKNozQEACAAJ,"Journal, 1955-1962","Mouloud Feraoun",0803269005,12
swsZuHxsJDwC,"Steve Jobs","Walter Isaacson",2709638827,1
GseFNDFzD5EC,"Le fils du pauvre de Mouloud Feraoun","Martine Mathieu Job",2296596371,1
xlivDwAAQBAJ,"Pouvoirs de la fiction","Vincent Jouve",2200627572,2
ekEgEAAAQBAJ,"La voleuse de fruits","Peter Handke",2072801974,20
SmJIvgEACAAJ,"Râussir le Management de Projet Avec PRINCE2 (French Print Version of Managing Successful Projects with PRINCE2 )",AXELOS,0113315589,5
awQFDAAAQBAJ,"Matoub Lounès mon frère","Malika Matoub",222638085X,3
VsyOxAEACAAJ,"Découvrez vos points forts avec le test CliftonStrengths®","Tom Rath",2744067202,2
-INtCQAAQBAJ,"La Fiction et l'Apparaître","Eric Clemens",2226338284,1
C1nlDAAAQBAJ,"Le Livre de la joie. Le bonheur durable dans un monde en mouvement","Dalaï Lama, Desmond Tutu",2081393964,12
DbWBCwAAQBAJ,"Elon Musk","Ashlee Vance",2212424833,28
I8pua1ToERcC,"Nedjma de Kateb Yacine","Marc Gontard",2858025568,16
